Sherry,First,Fem,5
Jerdediah,First,Masc,6
Jorpo,First,NonBinary,4
Rest in Peices,First,NonBinary,25
Timmee,First,Masc,2
James,First,Masc,3
Jammery,First,nonBinary,5
Jade,First,nonBinary,1
Reverence,First,nonBinary,5
Barbara,First,Fem,5
I think I accidentally left a placehold here,First,na,100
Silas,First,Masc,5
Violet,First,Fem,5
Mabel,First,Fem,1
Cora,First,Fem,1
Josephine,First,Fem,1
Ottor,First,nonBinary,1
Adelaide,First,Fem,1
Cordelia,First,Fem,1
Waryn,First,Masc,1
Triston,First,Masc,1
Randolf,First,Masc,1
Booday,First,Masc,3
Foch,First,Masc,25
Fronnie,First,Fem,10
Keeva,First,Fem,7
Smacker,First,nonBinary,12
Xeroxioz,First,nonBinary,20
Godot,First,nonBinary,50
Wunderwall,First,Masc,23
Marmalade,First,nonBinary,10
Sanza,First,Fem,15
Stoopy,First,nonBinary,5
Not-to-smart,First,nonBinary,40
Johnson,Last,na,10
Wattsworthiness,Last,na,4
Greepo,Last,na,3
Herberthio,Last,na,5
Blop,Last,na,1
Dashworthy,Last,na,2
Edward XIV,Last,na,4
Krocted II,Last,na,10
Gerbil,Last,na,14
Broccoli,Last,na,10
Bishop,Last,na,3
"I am... wait, what?",Last,na,100
Meep,Last,na,20
Fert,Last,na,10
Blerps,Last,na,1
Sneeeeerrrrrrrrrrtttttttttttttttttttt,Last,na,4
Zombo Bombo,Last,na,5
Yuzzza,Last,na,3
Josh,Last,na,4
Groban,Last,na,20
Andersonia,Last,na,10
■■■■■■■■■■■■■■■■■■■■■,Last,na,8
▲▲▲■■■■■■■■■,Last,na,10
⨁⨁⨁,Last,na,15
Retold,Last,na,6
AaaaaahhhhH!!!!!!,Middle,na,25
Diggery,Middle,na,15
"Help, I think I'm drowning",Middle,na,100
Can of Beans,Middle,na,5
Middle Name Goes Here,Middle,na,5
Farts,Middle,na,50
Shiitake,Middle,na,7
"""Spicy""",Middle,na,15
"""I'm so tired""",Middle,na,5
Never Awake,Middle,na,1
Sweet Cheeks,Middle,na,1
Larabeeth,Middle,na,2
Demonstrative,Middle,na,25
Laptop Fingers,Middle,na,50
Horse,Middle,na,5
Blubber,Middle,na,1
Snorp,Middle,na,1
Cheebo,Middle,na,1
Rub,Middle,na,17
Sniify,Middle,na,25
Whisper,Middle,na,7
Great,Middle,na,2
Terrible,Middle,na,5
Mal,Middle,na,1
Jumbo,Middle,na,3
Snapper,Middle,na,2
Wild Stallion,Middle,na,12
@,Middle,na,2
Satan,Middle,na,15
Jesus,Middle,na,16
Whippersnapper,Middle,na,5
Jumpin' Jehoshaphat!,Middle,na,10
Willacher,Middle,na,20
666,Middle,na,100
Heavely,Middle,na,14
Angel,Middle,na,26
Demon,Middle,na,27
Spoon,Middle,na,19
Random Middle Name,Middle,na,14
Rancher,Middle,na,5
Whallop,Middle,na,25